{
  "count": 1,
  "value": [
    {
      "variables": {
        "QUALYS_API_SERVER": {
          "value": "https://gateway.qg2.apps.qualys.com"
        },
        "QUALYS_CMS_SERVER": {
          "value": "https://cmsqagpublic.qg2.apps.qualys.com/ContainerSensor"
        },
        "QUALYS_PASSWORD": {
          "value": "Password for API Server"
        },
        "QUALYS_USERNAME": {
          "value": "Username for API Server"
        },
        "SENSOR_ACTIVATION_ID": {
          "value": null,
          "isSecret": true
        },
        "SENSOR_CUSTOMER_ID": {
          "value": null,
          "isSecret": true
        }
      },
      "id": "6",
      "type": "Vsts",
      "name": "Qualys Credentials",
      "isShared": false
    }
  ]
}