{
  "options": [
    {
      "enabled": true,
      "definition": {
        "id": "5d58cc01-7c75-450c-be18-a388ddb129ec"
      },
      "inputs": {
        "branchFilters": "[\"+refs/heads/*\"]",
        "additionalFields": "{}"
      }
    },
    {
      "enabled": false,
      "definition": {
        "id": "a9db38f9-9fdc-478c-b0f9-464221e58316"
      },
      "inputs": {
        "workItemType": "Bug",
        "assignToRequestor": "true",
        "additionalFields": "{}"
      }
    }
  ],
  "triggers": [
    {
      "branchFilters": [
        "+refs/heads/master"
      ],
      "pathFilters": [],
      "batchChanges": false,
      "maxConcurrentBuildsPerBranch": 1,
      "pollingInterval": 0,
      "triggerType": "continuousIntegration"
    }
  ],
  "variables": {
    "system.debug": {
      "value": "false",
      "allowOverride": true
    }
  },
  "variableGroups": [
    {
      "variables": {
        "QUALYS_API_SERVER": {
          "value": "URL for API Server"
        },
        "QUALYS_CMS_SERVER": {
          "value": "URL for CMS Server"
        },
        "QUALYS_PASSWORD": {
          "value": "Password for API Server"
        },
        "QUALYS_USERNAME": {
          "value": "Username for API Server"
        },
        "SENSOR_ACTIVATION_ID": {
          "value": null,
          "isSecret": true
        },
        "SENSOR_CUSTOMER_ID": {
          "value": null,
          "isSecret": true
        }
      },
      "type": "Vsts",
      "name": "Qualys Credentials",
      "id": "$Qualys Credentials$"
    }
  ],
  "properties": {},
  "tags": [],
  "_links": "{}",
  "buildNumberFormat": "$(date:yyyyMMdd)$(rev:.r)",
  "jobAuthorizationScope": "projectCollection",
  "jobTimeoutInMinutes": 60,
  "jobCancelTimeoutInMinutes": 5,
  "process": {
    "phases": [
      {
        "steps": [
          {
            "environment": {},
            "enabled": true,
            "continueOnError": false,
            "alwaysRun": false,
            "displayName": "Build an image",
            "timeoutInMinutes": 0,
            "condition": "succeeded()",
            "refName": "abc",
            "task": {
              "id": "e28912f1-0114-4464-802a-a3a35437fd16",
              "versionSpec": "0.*",
              "definitionType": "task"
            },
            "inputs": {
              "containerregistrytype": "Azure Container Registry",
              "dockerRegistryEndpoint": "",
              "azureSubscriptionEndpoint": "",
              "azureContainerRegistry": "",
              "action": "Build an image",
              "dockerFile": "DockerFile",
              "buildArguments": "",
              "defaultContext": "true",
              "context": "",
              "imageName": "$(Build.Repository.Name):$(Build.BuildId)",
              "imageNamesPath": "",
              "qualifyImageName": "true",
              "additionalImageTags": "",
              "includeSourceTags": "true",
              "includeLatestTag": "false",
              "imageDigestFile": "",
              "containerName": "",
              "ports": "",
              "volumes": "",
              "envVars": "",
              "workDir": "",
              "entrypoint": "",
              "containerCommand": "",
              "detached": "true",
              "restartPolicy": "no",
              "restartMaxRetries": "",
              "customCommand": "",
              "dockerHostEndpoint": "",
              "enforceDockerNamingConvention": "true",
              "cwd": "$(System.DefaultWorkingDirectory)",
              "memory": ""
            }
          },
          {
            "environment": {},
            "enabled": true,
            "continueOnError": false,
            "alwaysRun": false,
            "displayName": "Qualys Container Security Scanning",
            "timeoutInMinutes": 0,
            "condition": "succeeded()",
            "task": {
              "id": "6c731c3c-3c68-459a-a5c9-bde6e6595b5b",
              "versionSpec": "3.*",
              "definitionType": "task"
            },
            "inputs": {
              "targetType": "inline",
              "filePath": "",
              "arguments": "",
              "script": "# DeployQualys CS Sensor in CICD Mode\ndocker run -d --restart on-failure -v /var/run:/var/run -v /usr/local/qualys/sensor/data:/usr/local/qualys/qpa/data -e ACTIVATIONID=$(SENSOR_ACTIVATION_ID) -e CUSTOMERID=$(SENSOR_CUSTOMER_ID) -e POD_URL=$(QUALYS_CMS_SERVER) --net=host --name qualys-container-sensor qualys/qcs-sensor:latest  --cicd-deployed-sensor\n\n#Run Container security scan for Vulnerabilities\n\nsudo bash validate_image.sh $(QUALYS_API_SERVER) $(QUALYS_USERNAME) $(QUALYS_PASSWORD) containersecuritydemo.azurecr.io/$(Build.Repository.Name):$(Build.BuildId)",
              "workingDirectory": "",
              "failOnStderr": "false",
              "noProfile": "true",
              "noRc": "true"
            }
          },
          {
            "environment": {},
            "enabled": true,
            "continueOnError": false,
            "alwaysRun": false,
            "displayName": "Push an image",
            "timeoutInMinutes": 0,
            "condition": "succeeded()",
            "task": {
              "id": "e28912f1-0114-4464-802a-a3a35437fd16",
              "versionSpec": "0.*",
              "definitionType": "task"
            },
            "inputs": {
              "containerregistrytype": "Azure Container Registry",
              "dockerRegistryEndpoint": "",
              "azureSubscriptionEndpoint": "",
              "azureContainerRegistry": "",
              "action": "Push an image",
              "dockerFile": "**/Dockerfile",
              "buildArguments": "",
              "defaultContext": "true",
              "context": "",
              "imageName": "$(Build.Repository.Name):$(Build.BuildId)",
              "imageNamesPath": "",
              "qualifyImageName": "true",
              "additionalImageTags": "",
              "includeSourceTags": "false",
              "includeLatestTag": "false",
              "imageDigestFile": "",
              "containerName": "",
              "ports": "",
              "volumes": "",
              "envVars": "",
              "workDir": "",
              "entrypoint": "",
              "containerCommand": "",
              "detached": "true",
              "restartPolicy": "no",
              "restartMaxRetries": "",
              "customCommand": "",
              "dockerHostEndpoint": "",
              "enforceDockerNamingConvention": "true",
              "cwd": "$(System.DefaultWorkingDirectory)",
              "memory": ""
            }
          }
        ],
        "name": "Agent job 1",
        "refName": "Job_1",
        "condition": "succeeded()",
        "target": {
          "executionOptions": {
            "type": 0
          },
          "allowScriptsAuthAccessOption": false,
          "type": 1,
          "queue": "{}"
        },
        "jobAuthorizationScope": "projectCollection"
      }
    ],
    "target": {
      "agentSpecification": {
        "identifier": "ubuntu-16.04"
      }
    },
    "type": 1
  },
  "repository": {
    "properties": {
      "cleanOptions": "0",
      "labelSources": "0",
      "labelSourcesFormat": "$(build.buildNumber)",
      "reportBuildStatus": "true",
      "gitLfsSupport": "false",
      "skipSyncSource": "false",
      "checkoutNestedSubmodules": "false",
      "fetchDepth": "0",
      "connectedServiceId": ""
    },
    "id": "$containersecuritydemo$",
    "type": "TfsGit",
    "name": "containersecuritydemo",
    "url": "",
    "defaultBranch": "refs/heads/master",
    "clean": "false",
    "checkoutSubmodules": false
  },
  "processParameters": {},
  "quality": "definition",
  "authoredBy": "{}",
  "drafts": [],
  "queue": {
    "_links": "{}",
    "id": "",
    "name": "Azure Pipelines",
    "url": "",
    "pool": {
      "id": "",
      "name": "Azure Pipelines",
      "isHosted": true
    }
  },
  "id": "",
  "name": "containersecuritydemodocker container-CI",
  "url": "",
  "uri": "",
  "path": "\\",
  "type": "build",
  "queueStatus": 0,
  "revision": 13,
  "createdDate": "",
  "project": "{}"
}