{
  "Extensions": [
    {
      "extensionName": "Docker Integration",
      "link": "<a href='https://marketplace.visualstudio.com/items?itemName=ms-vscs-rm.docker' target='_blank'><b>Docker Integration</b></a>",
      "publisherId": "ms-vscs-rm",
      "extensionId": "docker",
      "publisherName": "Microsoft",
      "License": "<a href='https://marketplace.visualstudio.com/items?itemName=ms-vscs-rm.docker' target='_blank'>License Terms</a>"
    },
    {
      "extensionName": "Intentionally fail build or release",
      "link": "<a href='https://marketplace.visualstudio.com/items?itemName=solidify-labs.vsts-task-fail' target='_blank'><b>Intentionally fail build or release</b></a>",
      "publisherId": "solidify-labs",
      "extensionId": "vsts-task-fail",
      "publisherName": "Solidify Labs",
      "License": "<a href='https://marketplace.visualstudio.com/items?itemName=solidify-labs.vsts-task-fail' target='_blank'>License Terms</a>"
    }
  ]
}